,Date,State
0,2007-01-04,1
1,2007-01-05,1
2,2007-01-08,1
3,2007-01-09,1
4,2007-01-10,1
5,2007-01-11,1
6,2007-01-12,1
7,2007-01-16,1
8,2007-01-17,1
9,2007-01-18,1
10,2007-01-19,1
11,2007-01-22,1
12,2007-01-23,1
13,2007-01-24,1
14,2007-01-25,1
15,2007-01-26,1
16,2007-01-29,1
17,2007-01-30,1
18,2007-01-31,1
19,2007-02-01,1
20,2007-02-02,1
21,2007-02-05,1
22,2007-02-06,1
23,2007-02-07,1
24,2007-02-08,1
25,2007-02-09,1
26,2007-02-12,1
27,2007-02-13,1
28,2007-02-14,1
29,2007-02-15,1
30,2007-02-16,1
31,2007-02-20,1
32,2007-02-21,1
33,2007-02-22,1
34,2007-02-23,1
35,2007-02-26,1
36,2007-02-27,0
37,2007-02-28,1
38,2007-03-01,1
39,2007-03-02,1
40,2007-03-05,1
41,2007-03-06,1
42,2007-03-07,1
43,2007-03-08,1
44,2007-03-09,1
45,2007-03-12,1
46,2007-03-13,1
47,2007-03-14,1
48,2007-03-15,1
49,2007-03-16,1
50,2007-03-19,1
51,2007-03-20,1
52,2007-03-21,1
53,2007-03-22,1
54,2007-03-23,1
55,2007-03-26,1
56,2007-03-27,1
57,2007-03-28,1
58,2007-03-29,1
59,2007-03-30,1
60,2007-04-02,1
61,2007-04-03,1
62,2007-04-04,1
63,2007-04-05,1
64,2007-04-09,1
65,2007-04-10,1
66,2007-04-11,1
67,2007-04-12,1
68,2007-04-13,1
69,2007-04-16,1
70,2007-04-17,1
71,2007-04-18,1
72,2007-04-19,1
73,2007-04-20,1
74,2007-04-23,1
75,2007-04-24,1
76,2007-04-25,1
77,2007-04-26,1
78,2007-04-27,1
79,2007-04-30,1
80,2007-05-01,1
81,2007-05-02,1
82,2007-05-03,1
83,2007-05-04,1
84,2007-05-07,1
85,2007-05-08,1
86,2007-05-09,1
87,2007-05-10,1
88,2007-05-11,1
89,2007-05-14,1
90,2007-05-15,1
91,2007-05-16,1
92,2007-05-17,1
93,2007-05-18,1
94,2007-05-21,1
95,2007-05-22,1
96,2007-05-23,1
97,2007-05-24,1
98,2007-05-25,1
99,2007-05-29,1
100,2007-05-30,1
101,2007-05-31,1
102,2007-06-01,1
103,2007-06-04,1
104,2007-06-05,1
105,2007-06-06,1
106,2007-06-07,1
107,2007-06-08,1
108,2007-06-11,1
109,2007-06-12,1
110,2007-06-13,1
111,2007-06-14,1
112,2007-06-15,1
113,2007-06-18,1
114,2007-06-19,1
115,2007-06-20,1
116,2007-06-21,1
117,2007-06-22,1
118,2007-06-25,1
119,2007-06-26,1
120,2007-06-27,1
121,2007-06-28,1
122,2007-06-29,1
123,2007-07-02,1
124,2007-07-03,1
125,2007-07-05,1
126,2007-07-06,1
127,2007-07-09,1
128,2007-07-10,1
129,2007-07-11,1
130,2007-07-12,1
131,2007-07-13,1
132,2007-07-16,1
133,2007-07-17,1
134,2007-07-18,1
135,2007-07-19,1
136,2007-07-20,1
137,2007-07-23,1
138,2007-07-24,0
139,2007-07-25,0
140,2007-07-26,0
141,2007-07-27,0
142,2007-07-30,0
143,2007-07-31,0
144,2007-08-01,0
145,2007-08-02,0
146,2007-08-03,0
147,2007-08-06,0
148,2007-08-07,0
149,2007-08-08,0
150,2007-08-09,0
151,2007-08-10,0
152,2007-08-13,0
153,2007-08-14,0
154,2007-08-15,0
155,2007-08-16,0
156,2007-08-17,0
157,2007-08-20,0
158,2007-08-21,0
159,2007-08-22,0
160,2007-08-23,0
161,2007-08-24,0
162,2007-08-27,0
163,2007-08-28,0
164,2007-08-29,0
165,2007-08-30,1
166,2007-08-31,1
167,2007-09-04,1
168,2007-09-05,1
169,2007-09-06,1
170,2007-09-07,1
171,2007-09-10,1
172,2007-09-11,1
173,2007-09-12,1
174,2007-09-13,1
175,2007-09-14,1
176,2007-09-17,1
177,2007-09-18,1
178,2007-09-19,1
179,2007-09-20,1
180,2007-09-21,1
181,2007-09-24,1
182,2007-09-25,1
183,2007-09-26,1
184,2007-09-27,1
185,2007-09-28,1
186,2007-10-01,1
187,2007-10-02,1
188,2007-10-03,1
189,2007-10-04,1
190,2007-10-05,1
191,2007-10-08,1
192,2007-10-09,1
193,2007-10-10,1
194,2007-10-11,1
195,2007-10-12,1
196,2007-10-15,1
197,2007-10-16,1
198,2007-10-17,1
199,2007-10-18,1
200,2007-10-19,1
201,2007-10-22,1
202,2007-10-23,1
203,2007-10-24,1
204,2007-10-25,1
205,2007-10-26,1
206,2007-10-29,1
207,2007-10-30,1
208,2007-10-31,1
209,2007-11-01,0
210,2007-11-02,0
211,2007-11-05,0
212,2007-11-06,0
213,2007-11-07,0
214,2007-11-08,0
215,2007-11-09,0
216,2007-11-12,0
217,2007-11-13,0
218,2007-11-14,0
219,2007-11-15,0
220,2007-11-16,0
221,2007-11-19,0
222,2007-11-20,0
223,2007-11-21,0
224,2007-11-23,0
225,2007-11-26,0
226,2007-11-27,0
227,2007-11-28,0
228,2007-11-29,0
229,2007-11-30,0
230,2007-12-03,0
231,2007-12-04,0
232,2007-12-05,0
233,2007-12-06,0
234,2007-12-07,0
235,2007-12-10,0
236,2007-12-11,0
237,2007-12-12,0
238,2007-12-13,0
239,2007-12-14,0
240,2007-12-17,0
241,2007-12-18,0
242,2007-12-19,0
243,2007-12-20,0
244,2007-12-21,0
245,2007-12-24,0
246,2007-12-26,0
247,2007-12-27,0
248,2007-12-28,0
249,2007-12-31,0
250,2008-01-02,0
251,2008-01-03,0
252,2008-01-04,0
253,2008-01-07,0
254,2008-01-08,0
255,2008-01-09,0
256,2008-01-10,0
257,2008-01-11,0
258,2008-01-14,0
259,2008-01-15,0
260,2008-01-16,0
261,2008-01-17,0
262,2008-01-18,0
263,2008-01-22,0
264,2008-01-23,0
265,2008-01-24,0
266,2008-01-25,0
267,2008-01-28,0
268,2008-01-29,0
269,2008-01-30,0
270,2008-01-31,0
271,2008-02-01,0
272,2008-02-04,0
273,2008-02-05,0
274,2008-02-06,1
275,2008-02-07,1
276,2008-02-08,1
277,2008-02-11,1
278,2008-02-12,1
279,2008-02-13,1
280,2008-02-14,1
281,2008-02-15,1
282,2008-02-19,1
283,2008-02-20,1
284,2008-02-21,1
285,2008-02-22,1
286,2008-02-25,1
287,2008-02-26,1
288,2008-02-27,1
289,2008-02-28,1
290,2008-02-29,0
291,2008-03-03,0
292,2008-03-04,0
293,2008-03-05,0
294,2008-03-06,0
295,2008-03-07,0
296,2008-03-10,0
297,2008-03-11,0
298,2008-03-12,0
299,2008-03-13,0
300,2008-03-14,0
301,2008-03-17,0
302,2008-03-18,0
303,2008-03-19,0
304,2008-03-20,0
305,2008-03-24,0
306,2008-03-25,0
307,2008-03-26,0
308,2008-03-27,0
309,2008-03-28,0
310,2008-03-31,0
311,2008-04-01,0
312,2008-04-02,1
313,2008-04-03,1
314,2008-04-04,1
315,2008-04-07,1
316,2008-04-08,1
317,2008-04-09,1
318,2008-04-10,1
319,2008-04-11,1
320,2008-04-14,1
321,2008-04-15,1
322,2008-04-16,1
323,2008-04-17,1
324,2008-04-18,1
325,2008-04-21,1
326,2008-04-22,1
327,2008-04-23,1
328,2008-04-24,1
329,2008-04-25,1
330,2008-04-28,1
331,2008-04-29,1
332,2008-04-30,1
333,2008-05-01,1
334,2008-05-02,1
335,2008-05-05,1
336,2008-05-06,1
337,2008-05-07,1
338,2008-05-08,1
339,2008-05-09,1
340,2008-05-12,1
341,2008-05-13,1
342,2008-05-14,1
343,2008-05-15,1
344,2008-05-16,1
345,2008-05-19,1
346,2008-05-20,1
347,2008-05-21,1
348,2008-05-22,1
349,2008-05-23,1
350,2008-05-27,1
351,2008-05-28,1
352,2008-05-29,1
353,2008-05-30,1
354,2008-06-02,1
355,2008-06-03,1
356,2008-06-04,1
357,2008-06-05,0
358,2008-06-06,0
359,2008-06-09,0
360,2008-06-10,0
361,2008-06-11,0
362,2008-06-12,0
363,2008-06-13,0
364,2008-06-16,0
365,2008-06-17,0
366,2008-06-18,0
367,2008-06-19,0
368,2008-06-20,0
369,2008-06-23,0
370,2008-06-24,0
371,2008-06-25,0
372,2008-06-26,0
373,2008-06-27,0
374,2008-06-30,0
375,2008-07-01,0
376,2008-07-02,0
377,2008-07-03,0
378,2008-07-07,0
379,2008-07-08,0
380,2008-07-09,0
381,2008-07-10,0
382,2008-07-11,0
383,2008-07-14,0
384,2008-07-15,0
385,2008-07-16,0
386,2008-07-17,0
387,2008-07-18,0
388,2008-07-21,0
389,2008-07-22,0
390,2008-07-23,0
391,2008-07-24,0
392,2008-07-25,0
393,2008-07-28,0
394,2008-07-29,0
395,2008-07-30,0
396,2008-07-31,0
397,2008-08-01,0
398,2008-08-04,0
399,2008-08-05,0
400,2008-08-06,0
401,2008-08-07,0
402,2008-08-08,0
403,2008-08-11,0
404,2008-08-12,0
405,2008-08-13,0
406,2008-08-14,0
407,2008-08-15,0
408,2008-08-18,0
409,2008-08-19,0
410,2008-08-20,0
411,2008-08-21,0
412,2008-08-22,0
413,2008-08-25,0
414,2008-08-26,0
415,2008-08-27,0
416,2008-08-28,0
417,2008-08-29,0
418,2008-09-02,0
419,2008-09-03,0
420,2008-09-04,0
421,2008-09-05,0
422,2008-09-08,0
423,2008-09-09,0
424,2008-09-10,0
425,2008-09-11,0
426,2008-09-12,0
427,2008-09-15,0
428,2008-09-16,0
429,2008-09-17,0
430,2008-09-18,0
431,2008-09-19,0
432,2008-09-22,0
433,2008-09-23,0
434,2008-09-24,0
435,2008-09-25,0
436,2008-09-26,0
437,2008-09-29,0
438,2008-09-30,0
439,2008-10-01,0
440,2008-10-02,0
441,2008-10-03,0
442,2008-10-06,0
443,2008-10-07,0
444,2008-10-08,0
445,2008-10-09,0
446,2008-10-10,0
447,2008-10-13,0
448,2008-10-14,0
449,2008-10-15,0
450,2008-10-16,0
451,2008-10-17,0
452,2008-10-20,0
453,2008-10-21,0
454,2008-10-22,0
455,2008-10-23,0
456,2008-10-24,0
457,2008-10-27,0
458,2008-10-28,0
459,2008-10-29,0
460,2008-10-30,0
461,2008-10-31,0
462,2008-11-03,0
463,2008-11-04,0
464,2008-11-05,0
465,2008-11-06,0
466,2008-11-07,0
467,2008-11-10,0
468,2008-11-11,0
469,2008-11-12,0
470,2008-11-13,0
471,2008-11-14,0
472,2008-11-17,0
473,2008-11-18,0
474,2008-11-19,0
475,2008-11-20,0
476,2008-11-21,0
477,2008-11-24,0
478,2008-11-25,0
479,2008-11-26,0
480,2008-11-28,0
481,2008-12-01,0
482,2008-12-02,0
483,2008-12-03,0
484,2008-12-04,0
485,2008-12-05,0
486,2008-12-08,0
487,2008-12-09,0
488,2008-12-10,0
489,2008-12-11,0
490,2008-12-12,0
491,2008-12-15,0
492,2008-12-16,0
493,2008-12-17,0
494,2008-12-18,0
495,2008-12-19,0
496,2008-12-22,0
497,2008-12-23,0
498,2008-12-24,0
499,2008-12-26,0
500,2008-12-29,0
501,2008-12-30,0
502,2008-12-31,0
503,2009-01-02,0
504,2009-01-05,0
505,2009-01-06,0
506,2009-01-07,0
507,2009-01-08,0
508,2009-01-09,0
509,2009-01-12,0
510,2009-01-13,0
511,2009-01-14,0
512,2009-01-15,0
513,2009-01-16,0
514,2009-01-20,0
515,2009-01-21,0
516,2009-01-22,0
517,2009-01-23,0
518,2009-01-26,0
519,2009-01-27,0
520,2009-01-28,0
521,2009-01-29,0
522,2009-01-30,0
523,2009-02-02,0
524,2009-02-03,0
525,2009-02-04,0
526,2009-02-05,0
527,2009-02-06,0
528,2009-02-09,0
529,2009-02-10,0
530,2009-02-11,0
531,2009-02-12,0
532,2009-02-13,0
533,2009-02-17,0
534,2009-02-18,0
535,2009-02-19,0
536,2009-02-20,0
537,2009-02-23,0
538,2009-02-24,0
539,2009-02-25,0
540,2009-02-26,0
541,2009-02-27,0
542,2009-03-02,0
543,2009-03-03,0
544,2009-03-04,0
545,2009-03-05,0
546,2009-03-06,0
547,2009-03-09,0
548,2009-03-10,0
549,2009-03-11,0
550,2009-03-12,0
551,2009-03-13,0
552,2009-03-16,0
553,2009-03-17,0
554,2009-03-18,0
555,2009-03-19,0
556,2009-03-20,0
557,2009-03-23,0
558,2009-03-24,0
559,2009-03-25,0
560,2009-03-26,0
561,2009-03-27,0
562,2009-03-30,0
563,2009-03-31,0
564,2009-04-01,0
565,2009-04-02,0
566,2009-04-03,0
567,2009-04-06,0
568,2009-04-07,0
569,2009-04-08,0
570,2009-04-09,0
571,2009-04-13,0
572,2009-04-14,0
573,2009-04-15,0
574,2009-04-16,0
575,2009-04-17,0
576,2009-04-20,0
577,2009-04-21,0
578,2009-04-22,0
579,2009-04-23,0
580,2009-04-24,0
581,2009-04-27,0
582,2009-04-28,0
583,2009-04-29,0
584,2009-04-30,0
585,2009-05-01,0
586,2009-05-04,0
587,2009-05-05,0
588,2009-05-06,0
589,2009-05-07,0
590,2009-05-08,0
591,2009-05-11,0
592,2009-05-12,0
593,2009-05-13,0
594,2009-05-14,0
595,2009-05-15,0
596,2009-05-18,0
597,2009-05-19,0
598,2009-05-20,0
599,2009-05-21,0
600,2009-05-22,0
601,2009-05-26,0
602,2009-05-27,0
603,2009-05-28,0
604,2009-05-29,0
605,2009-06-01,0
606,2009-06-02,0
607,2009-06-03,0
608,2009-06-04,0
609,2009-06-05,0
610,2009-06-08,0
611,2009-06-09,0
612,2009-06-10,0
613,2009-06-11,0
614,2009-06-12,0
615,2009-06-15,0
616,2009-06-16,0
617,2009-06-17,0
618,2009-06-18,0
619,2009-06-19,0
620,2009-06-22,0
621,2009-06-23,0
622,2009-06-24,0
623,2009-06-25,0
624,2009-06-26,0
625,2009-06-29,0
626,2009-06-30,0
627,2009-07-01,0
628,2009-07-02,0
629,2009-07-06,0
630,2009-07-07,0
631,2009-07-08,0
632,2009-07-09,0
633,2009-07-10,0
634,2009-07-13,0
635,2009-07-14,0
636,2009-07-15,0
637,2009-07-16,1
638,2009-07-17,1
639,2009-07-20,1
640,2009-07-21,1
641,2009-07-22,1
642,2009-07-23,1
643,2009-07-24,1
644,2009-07-27,1
645,2009-07-28,1
646,2009-07-29,1
647,2009-07-30,1
648,2009-07-31,1
649,2009-08-03,1
650,2009-08-04,1
651,2009-08-05,1
652,2009-08-06,1
653,2009-08-07,1
654,2009-08-10,1
655,2009-08-11,1
656,2009-08-12,1
657,2009-08-13,1
658,2009-08-14,1
659,2009-08-17,1
660,2009-08-18,1
661,2009-08-19,1
662,2009-08-20,1
663,2009-08-21,1
664,2009-08-24,1
665,2009-08-25,1
666,2009-08-26,1
667,2009-08-27,1
668,2009-08-28,1
669,2009-08-31,1
670,2009-09-01,1
671,2009-09-02,1
672,2009-09-03,1
673,2009-09-04,1
674,2009-09-08,1
675,2009-09-09,1
676,2009-09-10,1
677,2009-09-11,1
678,2009-09-14,1
679,2009-09-15,1
680,2009-09-16,1
681,2009-09-17,1
682,2009-09-18,1
683,2009-09-21,1
684,2009-09-22,1
685,2009-09-23,1
686,2009-09-24,1
687,2009-09-25,1
688,2009-09-28,1
689,2009-09-29,1
690,2009-09-30,1
691,2009-10-01,1
692,2009-10-02,1
693,2009-10-05,1
694,2009-10-06,1
695,2009-10-07,1
696,2009-10-08,1
697,2009-10-09,1
698,2009-10-12,1
699,2009-10-13,1
700,2009-10-14,1
701,2009-10-15,1
702,2009-10-16,1
703,2009-10-19,1
704,2009-10-20,1
705,2009-10-21,1
706,2009-10-22,1
707,2009-10-23,1
708,2009-10-26,1
709,2009-10-27,1
710,2009-10-28,0
711,2009-10-29,0
712,2009-10-30,0
713,2009-11-02,1
714,2009-11-03,1
715,2009-11-04,1
716,2009-11-05,1
717,2009-11-06,1
718,2009-11-09,1
719,2009-11-10,1
720,2009-11-11,1
721,2009-11-12,1
722,2009-11-13,1
723,2009-11-16,1
724,2009-11-17,1
725,2009-11-18,1
726,2009-11-19,1
727,2009-11-20,1
728,2009-11-23,1
729,2009-11-24,1
730,2009-11-25,1
731,2009-11-27,1
732,2009-11-30,1
733,2009-12-01,1
734,2009-12-02,1
735,2009-12-03,1
736,2009-12-04,1
737,2009-12-07,1
738,2009-12-08,1
739,2009-12-09,1
740,2009-12-10,1
741,2009-12-11,1
742,2009-12-14,1
743,2009-12-15,1
744,2009-12-16,1
745,2009-12-17,1
746,2009-12-18,1
747,2009-12-21,1
748,2009-12-22,1
749,2009-12-23,1
750,2009-12-24,1
751,2009-12-28,1
752,2009-12-29,1
753,2009-12-30,1
754,2009-12-31,1
755,2010-01-04,1
756,2010-01-05,1
757,2010-01-06,1
758,2010-01-07,1
759,2010-01-08,1
760,2010-01-11,1
761,2010-01-12,1
762,2010-01-13,1
763,2010-01-14,1
764,2010-01-15,1
765,2010-01-19,1
766,2010-01-20,1
767,2010-01-21,0
768,2010-01-22,0
769,2010-01-25,0
770,2010-01-26,0
771,2010-01-27,0
772,2010-01-28,0
773,2010-01-29,0
774,2010-02-01,0
775,2010-02-02,0
776,2010-02-03,0
777,2010-02-04,0
778,2010-02-05,1
779,2010-02-08,1
780,2010-02-09,1
781,2010-02-10,1
782,2010-02-11,1
783,2010-02-12,1
784,2010-02-16,1
785,2010-02-17,1
786,2010-02-18,1
787,2010-02-19,1
788,2010-02-22,1
789,2010-02-23,1
790,2010-02-24,1
791,2010-02-25,1
792,2010-02-26,1
793,2010-03-01,1
794,2010-03-02,1
795,2010-03-03,1
796,2010-03-04,1
797,2010-03-05,1
798,2010-03-08,1
799,2010-03-09,1
800,2010-03-10,1
801,2010-03-11,1
802,2010-03-12,1
803,2010-03-15,1
804,2010-03-16,1
805,2010-03-17,1
806,2010-03-18,1
807,2010-03-19,1
808,2010-03-22,1
809,2010-03-23,1
810,2010-03-24,1
811,2010-03-25,1
812,2010-03-26,1
813,2010-03-29,1
814,2010-03-30,1
815,2010-03-31,1
816,2010-04-01,1
817,2010-04-05,1
818,2010-04-06,1
819,2010-04-07,1
820,2010-04-08,1
821,2010-04-09,1
822,2010-04-12,1
823,2010-04-13,1
824,2010-04-14,1
825,2010-04-15,1
826,2010-04-16,1
827,2010-04-19,1
828,2010-04-20,1
829,2010-04-21,1
830,2010-04-22,1
831,2010-04-23,1
832,2010-04-26,1
833,2010-04-27,0
834,2010-04-28,0
835,2010-04-29,0
836,2010-04-30,0
837,2010-05-03,0
838,2010-05-04,0
839,2010-05-05,0
840,2010-05-06,0
841,2010-05-07,0
842,2010-05-10,0
843,2010-05-11,0
844,2010-05-12,0
845,2010-05-13,0
846,2010-05-14,0
847,2010-05-17,0
848,2010-05-18,0
849,2010-05-19,0
850,2010-05-20,0
851,2010-05-21,0
852,2010-05-24,0
853,2010-05-25,0
854,2010-05-26,0
855,2010-05-27,0
856,2010-05-28,0
857,2010-06-01,0
858,2010-06-02,0
859,2010-06-03,0
860,2010-06-04,0
861,2010-06-07,0
862,2010-06-08,0
863,2010-06-09,0
864,2010-06-10,0
865,2010-06-11,0
866,2010-06-14,0
867,2010-06-15,0
868,2010-06-16,0
869,2010-06-17,0
870,2010-06-18,0
871,2010-06-21,0
872,2010-06-22,0
873,2010-06-23,0
874,2010-06-24,0
875,2010-06-25,0
876,2010-06-28,0
877,2010-06-29,0
878,2010-06-30,0
879,2010-07-01,0
880,2010-07-02,0
881,2010-07-06,0
882,2010-07-07,0
883,2010-07-08,0
884,2010-07-09,0
885,2010-07-12,0
886,2010-07-13,0
887,2010-07-14,0
888,2010-07-15,0
889,2010-07-16,0
890,2010-07-19,0
891,2010-07-20,0
892,2010-07-21,0
893,2010-07-22,0
894,2010-07-23,1
895,2010-07-26,1
896,2010-07-27,1
897,2010-07-28,1
898,2010-07-29,1
899,2010-07-30,1
900,2010-08-02,1
901,2010-08-03,1
902,2010-08-04,1
903,2010-08-05,1
904,2010-08-06,1
905,2010-08-09,1
906,2010-08-10,1
907,2010-08-11,1
908,2010-08-12,1
909,2010-08-13,1
910,2010-08-16,1
911,2010-08-17,1
912,2010-08-18,1
913,2010-08-19,1
914,2010-08-20,1
915,2010-08-23,1
916,2010-08-24,1
917,2010-08-25,1
918,2010-08-26,1
919,2010-08-27,1
920,2010-08-30,1
921,2010-08-31,1
922,2010-09-01,1
923,2010-09-02,1
924,2010-09-03,1
925,2010-09-07,1
926,2010-09-08,1
927,2010-09-09,1
928,2010-09-10,1
929,2010-09-13,1
930,2010-09-14,1
931,2010-09-15,1
932,2010-09-16,1
933,2010-09-17,1
934,2010-09-20,1
935,2010-09-21,1
936,2010-09-22,1
937,2010-09-23,1
938,2010-09-24,1
939,2010-09-27,1
940,2010-09-28,1
941,2010-09-29,1
942,2010-09-30,1
943,2010-10-01,1
944,2010-10-04,1
945,2010-10-05,1
946,2010-10-06,1
947,2010-10-07,1
948,2010-10-08,1
949,2010-10-11,1
950,2010-10-12,1
951,2010-10-13,1
952,2010-10-14,1
953,2010-10-15,1
954,2010-10-18,1
955,2010-10-19,1
956,2010-10-20,1
957,2010-10-21,1
958,2010-10-22,1
959,2010-10-25,1
960,2010-10-26,1
961,2010-10-27,1
962,2010-10-28,1
963,2010-10-29,1
964,2010-11-01,1
965,2010-11-02,1
966,2010-11-03,1
967,2010-11-04,1
968,2010-11-05,1
969,2010-11-08,1
970,2010-11-09,1
971,2010-11-10,1
972,2010-11-11,1
973,2010-11-12,1
974,2010-11-15,1
975,2010-11-16,1
976,2010-11-17,1
977,2010-11-18,1
978,2010-11-19,1
979,2010-11-22,1
980,2010-11-23,1
981,2010-11-24,1
982,2010-11-26,1
983,2010-11-29,1
984,2010-11-30,1
985,2010-12-01,1
986,2010-12-02,1
987,2010-12-03,1
988,2010-12-06,1
989,2010-12-07,1
990,2010-12-08,1
991,2010-12-09,1
992,2010-12-10,1
993,2010-12-13,1
994,2010-12-14,1
995,2010-12-15,1
996,2010-12-16,1
997,2010-12-17,1
998,2010-12-20,1
999,2010-12-21,1
1000,2010-12-22,1
1001,2010-12-23,1
1002,2010-12-27,1
1003,2010-12-28,1
1004,2010-12-29,1
1005,2010-12-30,1
1006,2010-12-31,1
1007,2011-01-03,1
1008,2011-01-04,1
1009,2011-01-05,1
1010,2011-01-06,1
1011,2011-01-07,1
1012,2011-01-10,1
1013,2011-01-11,1
1014,2011-01-12,1
1015,2011-01-13,1
1016,2011-01-14,1
1017,2011-01-18,1
1018,2011-01-19,1
1019,2011-01-20,1
1020,2011-01-21,1
1021,2011-01-24,1
1022,2011-01-25,1
1023,2011-01-26,1
1024,2011-01-27,1
1025,2011-01-28,1
1026,2011-01-31,1
1027,2011-02-01,1
1028,2011-02-02,1
1029,2011-02-03,1
1030,2011-02-04,1
1031,2011-02-07,1
1032,2011-02-08,1
1033,2011-02-09,1
1034,2011-02-10,1
1035,2011-02-11,1
1036,2011-02-14,1
1037,2011-02-15,1
1038,2011-02-16,1
1039,2011-02-17,1
1040,2011-02-18,1
1041,2011-02-22,1
1042,2011-02-23,1
1043,2011-02-24,1
1044,2011-02-25,1
1045,2011-02-28,1
1046,2011-03-01,1
1047,2011-03-02,1
1048,2011-03-03,1
1049,2011-03-04,1
1050,2011-03-07,1
1051,2011-03-08,1
1052,2011-03-09,1
1053,2011-03-10,1
1054,2011-03-11,1
1055,2011-03-14,1
1056,2011-03-15,1
1057,2011-03-16,1
1058,2011-03-17,1
1059,2011-03-18,1
1060,2011-03-21,1
1061,2011-03-22,1
1062,2011-03-23,1
1063,2011-03-24,1
1064,2011-03-25,1
1065,2011-03-28,1
1066,2011-03-29,1
1067,2011-03-30,1
1068,2011-03-31,1
1069,2011-04-01,1
1070,2011-04-04,1
1071,2011-04-05,1
1072,2011-04-06,1
1073,2011-04-07,1
1074,2011-04-08,1
1075,2011-04-11,1
1076,2011-04-12,1
1077,2011-04-13,1
1078,2011-04-14,1
1079,2011-04-15,1
1080,2011-04-18,1
1081,2011-04-19,1
1082,2011-04-20,1
1083,2011-04-21,1
1084,2011-04-25,1
1085,2011-04-26,1
1086,2011-04-27,1
1087,2011-04-28,1
1088,2011-04-29,1
1089,2011-05-02,1
1090,2011-05-03,1
1091,2011-05-04,1
1092,2011-05-05,1
1093,2011-05-06,1
1094,2011-05-09,1
1095,2011-05-10,1
1096,2011-05-11,1
1097,2011-05-12,1
1098,2011-05-13,1
1099,2011-05-16,1
1100,2011-05-17,1
1101,2011-05-18,1
1102,2011-05-19,1
1103,2011-05-20,1
1104,2011-05-23,1
1105,2011-05-24,1
1106,2011-05-25,1
1107,2011-05-26,1
1108,2011-05-27,1
1109,2011-05-31,1
1110,2011-06-01,1
1111,2011-06-02,1
1112,2011-06-03,1
1113,2011-06-06,1
1114,2011-06-07,1
1115,2011-06-08,1
1116,2011-06-09,1
1117,2011-06-10,1
1118,2011-06-13,1
1119,2011-06-14,1
1120,2011-06-15,1
1121,2011-06-16,1
1122,2011-06-17,1
1123,2011-06-20,1
1124,2011-06-21,1
1125,2011-06-22,1
1126,2011-06-23,1
1127,2011-06-24,1
1128,2011-06-27,1
1129,2011-06-28,1
1130,2011-06-29,1
1131,2011-06-30,1
1132,2011-07-01,1
1133,2011-07-05,1
1134,2011-07-06,1
1135,2011-07-07,1
1136,2011-07-08,1
1137,2011-07-11,1
1138,2011-07-12,1
1139,2011-07-13,1
1140,2011-07-14,1
1141,2011-07-15,1
1142,2011-07-18,1
1143,2011-07-19,1
1144,2011-07-20,1
1145,2011-07-21,1
1146,2011-07-22,1
1147,2011-07-25,1
1148,2011-07-26,1
1149,2011-07-27,0
1150,2011-07-28,0
1151,2011-07-29,0
1152,2011-08-01,0
1153,2011-08-02,0
1154,2011-08-03,0
1155,2011-08-04,0
1156,2011-08-05,0
1157,2011-08-08,0
1158,2011-08-09,0
1159,2011-08-10,0
1160,2011-08-11,0
1161,2011-08-12,0
1162,2011-08-15,0
1163,2011-08-16,0
1164,2011-08-17,0
1165,2011-08-18,0
1166,2011-08-19,0
1167,2011-08-22,0
1168,2011-08-23,0
1169,2011-08-24,0
1170,2011-08-25,0
1171,2011-08-26,0
1172,2011-08-29,0
1173,2011-08-30,0
1174,2011-08-31,0
1175,2011-09-01,0
1176,2011-09-02,0
1177,2011-09-06,0
1178,2011-09-07,0
1179,2011-09-08,0
1180,2011-09-09,0
1181,2011-09-12,0
1182,2011-09-13,0
1183,2011-09-14,0
1184,2011-09-15,0
1185,2011-09-16,0
1186,2011-09-19,0
1187,2011-09-20,0
1188,2011-09-21,0
1189,2011-09-22,0
1190,2011-09-23,0
1191,2011-09-26,0
1192,2011-09-27,0
1193,2011-09-28,0
1194,2011-09-29,0
1195,2011-09-30,0
1196,2011-10-03,0
1197,2011-10-04,0
1198,2011-10-05,0
1199,2011-10-06,0
1200,2011-10-07,0
1201,2011-10-10,0
1202,2011-10-11,0
1203,2011-10-12,0
1204,2011-10-13,0
1205,2011-10-14,0
1206,2011-10-17,0
1207,2011-10-18,0
1208,2011-10-19,0
1209,2011-10-20,0
1210,2011-10-21,0
1211,2011-10-24,0
1212,2011-10-25,0
1213,2011-10-26,0
1214,2011-10-27,0
1215,2011-10-28,0
1216,2011-10-31,0
1217,2011-11-01,0
1218,2011-11-02,0
1219,2011-11-03,0
1220,2011-11-04,0
1221,2011-11-07,0
1222,2011-11-08,0
1223,2011-11-09,0
1224,2011-11-10,0
1225,2011-11-11,0
1226,2011-11-14,0
1227,2011-11-15,0
1228,2011-11-16,0
1229,2011-11-17,0
1230,2011-11-18,0
1231,2011-11-21,0
1232,2011-11-22,0
1233,2011-11-23,0
1234,2011-11-25,0
1235,2011-11-28,0
1236,2011-11-29,0
1237,2011-11-30,0
1238,2011-12-01,0
1239,2011-12-02,0
1240,2011-12-05,0
1241,2011-12-06,0
1242,2011-12-07,0
1243,2011-12-08,0
1244,2011-12-09,0
1245,2011-12-12,0
1246,2011-12-13,0
1247,2011-12-14,0
1248,2011-12-15,0
1249,2011-12-16,0
1250,2011-12-19,0
1251,2011-12-20,0
1252,2011-12-21,1
1253,2011-12-22,1
1254,2011-12-23,1
1255,2011-12-27,1
1256,2011-12-28,1
1257,2011-12-29,1
1258,2011-12-30,1
1259,2012-01-03,1
1260,2012-01-04,1
1261,2012-01-05,1
1262,2012-01-06,1
1263,2012-01-09,1
1264,2012-01-10,1
1265,2012-01-11,1
1266,2012-01-12,1
1267,2012-01-13,1
1268,2012-01-17,1
1269,2012-01-18,1
1270,2012-01-19,1
1271,2012-01-20,1
1272,2012-01-23,1
1273,2012-01-24,1
1274,2012-01-25,1
1275,2012-01-26,1
1276,2012-01-27,1
1277,2012-01-30,1
1278,2012-01-31,1
1279,2012-02-01,1
1280,2012-02-02,1
1281,2012-02-03,1
1282,2012-02-06,1
1283,2012-02-07,1
1284,2012-02-08,1
1285,2012-02-09,1
1286,2012-02-10,1
1287,2012-02-13,1
1288,2012-02-14,1
1289,2012-02-15,1
1290,2012-02-16,1
1291,2012-02-17,1
1292,2012-02-21,1
1293,2012-02-22,1
1294,2012-02-23,1
1295,2012-02-24,1
1296,2012-02-27,1
1297,2012-02-28,1
1298,2012-02-29,1
1299,2012-03-01,1
1300,2012-03-02,1
1301,2012-03-05,1
1302,2012-03-06,1
1303,2012-03-07,1
1304,2012-03-08,1
1305,2012-03-09,1
1306,2012-03-12,1
1307,2012-03-13,1
1308,2012-03-14,1
1309,2012-03-15,1
1310,2012-03-16,1
1311,2012-03-19,1
1312,2012-03-20,1
1313,2012-03-21,1
1314,2012-03-22,1
1315,2012-03-23,1
1316,2012-03-26,1
1317,2012-03-27,1
1318,2012-03-28,1
1319,2012-03-29,1
1320,2012-03-30,1
1321,2012-04-02,1
1322,2012-04-03,1
1323,2012-04-04,1
1324,2012-04-05,1
1325,2012-04-09,1
1326,2012-04-10,1
1327,2012-04-11,1
1328,2012-04-12,1
1329,2012-04-13,1
1330,2012-04-16,1
1331,2012-04-17,1
1332,2012-04-18,1
1333,2012-04-19,1
1334,2012-04-20,1
1335,2012-04-23,1
1336,2012-04-24,1
1337,2012-04-25,1
1338,2012-04-26,1
1339,2012-04-27,1
1340,2012-04-30,1
1341,2012-05-01,1
1342,2012-05-02,1
1343,2012-05-03,1
1344,2012-05-04,1
1345,2012-05-07,1
1346,2012-05-08,1
1347,2012-05-09,1
1348,2012-05-10,1
1349,2012-05-11,1
1350,2012-05-14,1
1351,2012-05-15,1
1352,2012-05-16,1
1353,2012-05-17,1
1354,2012-05-18,1
1355,2012-05-21,1
1356,2012-05-22,1
1357,2012-05-23,1
1358,2012-05-24,1
1359,2012-05-25,1
1360,2012-05-29,1
1361,2012-05-30,1
1362,2012-05-31,1
1363,2012-06-01,1
1364,2012-06-04,1
1365,2012-06-05,1
1366,2012-06-06,1
1367,2012-06-07,1
1368,2012-06-08,1
1369,2012-06-11,1
1370,2012-06-12,1
1371,2012-06-13,1
1372,2012-06-14,1
1373,2012-06-15,1
1374,2012-06-18,1
1375,2012-06-19,1
1376,2012-06-20,1
1377,2012-06-21,1
1378,2012-06-22,1
1379,2012-06-25,1
1380,2012-06-26,1
1381,2012-06-27,1
1382,2012-06-28,1
1383,2012-06-29,1
1384,2012-07-02,1
1385,2012-07-03,1
1386,2012-07-05,1
1387,2012-07-06,1
1388,2012-07-09,1
1389,2012-07-10,1
1390,2012-07-11,1
1391,2012-07-12,1
1392,2012-07-13,1
1393,2012-07-16,1
1394,2012-07-17,1
1395,2012-07-18,1
1396,2012-07-19,1
1397,2012-07-20,1
1398,2012-07-23,1
1399,2012-07-24,1
1400,2012-07-25,1
1401,2012-07-26,1
1402,2012-07-27,1
1403,2012-07-30,1
1404,2012-07-31,1
1405,2012-08-01,1
1406,2012-08-02,1
1407,2012-08-03,1
1408,2012-08-06,1
1409,2012-08-07,1
1410,2012-08-08,1
1411,2012-08-09,1
1412,2012-08-10,1
1413,2012-08-13,1
1414,2012-08-14,1
1415,2012-08-15,1
1416,2012-08-16,1
1417,2012-08-17,1
1418,2012-08-20,1
1419,2012-08-21,1
1420,2012-08-22,1
1421,2012-08-23,1
1422,2012-08-24,1
1423,2012-08-27,1
1424,2012-08-28,1
1425,2012-08-29,1
1426,2012-08-30,1
1427,2012-08-31,1
1428,2012-09-04,1
1429,2012-09-05,1
1430,2012-09-06,1
1431,2012-09-07,1
1432,2012-09-10,1
1433,2012-09-11,1
1434,2012-09-12,1
1435,2012-09-13,1
1436,2012-09-14,1
1437,2012-09-17,1
1438,2012-09-18,1
1439,2012-09-19,1
1440,2012-09-20,1
1441,2012-09-21,1
1442,2012-09-24,1
1443,2012-09-25,1
1444,2012-09-26,1
1445,2012-09-27,1
1446,2012-09-28,1
1447,2012-10-01,1
1448,2012-10-02,1
1449,2012-10-03,1
1450,2012-10-04,1
1451,2012-10-05,1
1452,2012-10-08,1
1453,2012-10-09,1
1454,2012-10-10,1
1455,2012-10-11,1
1456,2012-10-12,1
1457,2012-10-15,1
1458,2012-10-16,1
1459,2012-10-17,1
1460,2012-10-18,1
1461,2012-10-19,1
1462,2012-10-22,1
1463,2012-10-23,1
1464,2012-10-24,1
1465,2012-10-25,1
1466,2012-10-26,1
1467,2012-10-31,1
1468,2012-11-01,1
1469,2012-11-02,1
1470,2012-11-05,1
1471,2012-11-06,1
1472,2012-11-07,1
1473,2012-11-08,1
1474,2012-11-09,1
1475,2012-11-12,1
1476,2012-11-13,1
1477,2012-11-14,1
1478,2012-11-15,1
1479,2012-11-16,1
1480,2012-11-19,1
1481,2012-11-20,1
1482,2012-11-21,1
1483,2012-11-23,1
1484,2012-11-26,1
1485,2012-11-27,1
1486,2012-11-28,1
1487,2012-11-29,1
1488,2012-11-30,1
1489,2012-12-03,1
1490,2012-12-04,1
1491,2012-12-05,1
1492,2012-12-06,1
1493,2012-12-07,1
1494,2012-12-10,1
1495,2012-12-11,1
1496,2012-12-12,1
1497,2012-12-13,1
1498,2012-12-14,1
1499,2012-12-17,1
1500,2012-12-18,1
1501,2012-12-19,1
1502,2012-12-20,1
1503,2012-12-21,1
1504,2012-12-24,1
1505,2012-12-26,1
1506,2012-12-27,1
1507,2012-12-28,1
1508,2012-12-31,1
1509,2013-01-02,1
1510,2013-01-03,1
1511,2013-01-04,1
1512,2013-01-07,1
1513,2013-01-08,1
1514,2013-01-09,1
1515,2013-01-10,1
1516,2013-01-11,1
1517,2013-01-14,1
1518,2013-01-15,1
1519,2013-01-16,1
1520,2013-01-17,1
1521,2013-01-18,1
1522,2013-01-22,1
1523,2013-01-23,1
1524,2013-01-24,1
1525,2013-01-25,1
1526,2013-01-28,1
1527,2013-01-29,1
1528,2013-01-30,1
1529,2013-01-31,1
1530,2013-02-01,1
1531,2013-02-04,1
1532,2013-02-05,1
1533,2013-02-06,1
1534,2013-02-07,1
1535,2013-02-08,1
1536,2013-02-11,1
1537,2013-02-12,1
1538,2013-02-13,1
1539,2013-02-14,1
1540,2013-02-15,1
1541,2013-02-19,1
1542,2013-02-20,1
1543,2013-02-21,1
1544,2013-02-22,1
1545,2013-02-25,1
1546,2013-02-26,1
1547,2013-02-27,1
1548,2013-02-28,1
1549,2013-03-01,1
1550,2013-03-04,1
1551,2013-03-05,1
1552,2013-03-06,1
1553,2013-03-07,1
1554,2013-03-08,1
1555,2013-03-11,1
1556,2013-03-12,1
1557,2013-03-13,1
1558,2013-03-14,1
1559,2013-03-15,1
1560,2013-03-18,1
1561,2013-03-19,1
1562,2013-03-20,1
1563,2013-03-21,1
1564,2013-03-22,1
1565,2013-03-25,1
1566,2013-03-26,1
1567,2013-03-27,1
1568,2013-03-28,1
1569,2013-04-01,1
1570,2013-04-02,1
1571,2013-04-03,1
1572,2013-04-04,1
1573,2013-04-05,1
1574,2013-04-08,1
1575,2013-04-09,1
1576,2013-04-10,1
1577,2013-04-11,1
1578,2013-04-12,1
1579,2013-04-15,1
1580,2013-04-16,1
1581,2013-04-17,1
1582,2013-04-18,1
1583,2013-04-19,1
1584,2013-04-22,1
1585,2013-04-23,1
1586,2013-04-24,1
1587,2013-04-25,1
1588,2013-04-26,1
1589,2013-04-29,1
1590,2013-04-30,1
1591,2013-05-01,1
1592,2013-05-02,1
1593,2013-05-03,1
1594,2013-05-06,1
1595,2013-05-07,1
1596,2013-05-08,1
1597,2013-05-09,1
1598,2013-05-10,1
1599,2013-05-13,1
1600,2013-05-14,1
1601,2013-05-15,1
1602,2013-05-16,1
1603,2013-05-17,1
1604,2013-05-20,1
1605,2013-05-21,1
1606,2013-05-22,1
1607,2013-05-23,1
1608,2013-05-24,1
1609,2013-05-28,1
1610,2013-05-29,1
1611,2013-05-30,1
1612,2013-05-31,1
1613,2013-06-03,1
1614,2013-06-04,1
1615,2013-06-05,1
1616,2013-06-06,1
1617,2013-06-07,1
1618,2013-06-10,1
1619,2013-06-11,1
1620,2013-06-12,1
1621,2013-06-13,1
1622,2013-06-14,1
1623,2013-06-17,1
1624,2013-06-18,1
1625,2013-06-19,1
1626,2013-06-20,1
1627,2013-06-21,1
1628,2013-06-24,1
1629,2013-06-25,1
1630,2013-06-26,1
1631,2013-06-27,1
1632,2013-06-28,1
1633,2013-07-01,1
1634,2013-07-02,1
1635,2013-07-03,1
1636,2013-07-05,1
1637,2013-07-08,1
1638,2013-07-09,1
1639,2013-07-10,1
1640,2013-07-11,1
1641,2013-07-12,1
1642,2013-07-15,1
1643,2013-07-16,1
1644,2013-07-17,1
1645,2013-07-18,1
1646,2013-07-19,1
1647,2013-07-22,1
1648,2013-07-23,1
1649,2013-07-24,1
1650,2013-07-25,1
1651,2013-07-26,1
1652,2013-07-29,1
1653,2013-07-30,1
1654,2013-07-31,1
1655,2013-08-01,1
1656,2013-08-02,1
1657,2013-08-05,1
1658,2013-08-06,1
1659,2013-08-07,1
1660,2013-08-08,1
1661,2013-08-09,1
1662,2013-08-12,1
1663,2013-08-13,1
1664,2013-08-14,1
1665,2013-08-15,1
1666,2013-08-16,1
1667,2013-08-19,1
1668,2013-08-20,1
1669,2013-08-21,1
1670,2013-08-22,1
1671,2013-08-23,1
1672,2013-08-26,1
1673,2013-08-27,1
1674,2013-08-28,1
1675,2013-08-29,1
1676,2013-08-30,1
1677,2013-09-03,1
1678,2013-09-04,1
1679,2013-09-05,1
1680,2013-09-06,1
1681,2013-09-09,1
1682,2013-09-10,1
1683,2013-09-11,1
1684,2013-09-12,1
1685,2013-09-13,1
1686,2013-09-16,1
1687,2013-09-17,1
1688,2013-09-18,1
1689,2013-09-19,1
1690,2013-09-20,1
1691,2013-09-23,1
1692,2013-09-24,1
1693,2013-09-25,1
1694,2013-09-26,1
1695,2013-09-27,1
1696,2013-09-30,1
1697,2013-10-01,1
1698,2013-10-02,1
1699,2013-10-03,1
1700,2013-10-04,1
1701,2013-10-07,1
1702,2013-10-08,1
1703,2013-10-09,1
1704,2013-10-10,1
1705,2013-10-11,1
1706,2013-10-14,1
1707,2013-10-15,1
1708,2013-10-16,1
1709,2013-10-17,1
1710,2013-10-18,1
1711,2013-10-21,1
1712,2013-10-22,1
1713,2013-10-23,1
1714,2013-10-24,1
1715,2013-10-25,1
1716,2013-10-28,1
1717,2013-10-29,1
1718,2013-10-30,1
1719,2013-10-31,1
1720,2013-11-01,1
1721,2013-11-04,1
1722,2013-11-05,1
1723,2013-11-06,1
1724,2013-11-07,1
1725,2013-11-08,1
1726,2013-11-11,1
1727,2013-11-12,1
1728,2013-11-13,1
1729,2013-11-14,1
1730,2013-11-15,1
1731,2013-11-18,1
1732,2013-11-19,1
1733,2013-11-20,1
1734,2013-11-21,1
1735,2013-11-22,1
1736,2013-11-25,1
1737,2013-11-26,1
1738,2013-11-27,1
1739,2013-11-29,1
1740,2013-12-02,1
1741,2013-12-03,1
1742,2013-12-04,1
1743,2013-12-05,1
1744,2013-12-06,1
1745,2013-12-09,1
1746,2013-12-10,1
1747,2013-12-11,1
1748,2013-12-12,1
1749,2013-12-13,1
1750,2013-12-16,1
1751,2013-12-17,1
1752,2013-12-18,1
1753,2013-12-19,1
1754,2013-12-20,1
1755,2013-12-23,1
1756,2013-12-24,1
1757,2013-12-26,1
1758,2013-12-27,1
1759,2013-12-30,1
1760,2013-12-31,1
1761,2014-01-02,1
1762,2014-01-03,1
1763,2014-01-06,1
1764,2014-01-07,1
1765,2014-01-08,1
1766,2014-01-09,1
1767,2014-01-10,1
1768,2014-01-13,1
1769,2014-01-14,1
1770,2014-01-15,1
1771,2014-01-16,1
1772,2014-01-17,1
1773,2014-01-21,1
1774,2014-01-22,1
1775,2014-01-23,1
1776,2014-01-24,1
1777,2014-01-27,1
1778,2014-01-28,1
1779,2014-01-29,1
1780,2014-01-30,1
1781,2014-01-31,1
1782,2014-02-03,1
1783,2014-02-04,1
1784,2014-02-05,1
1785,2014-02-06,1
1786,2014-02-07,1
1787,2014-02-10,1
1788,2014-02-11,1
1789,2014-02-12,1
1790,2014-02-13,1
1791,2014-02-14,1
1792,2014-02-18,1
1793,2014-02-19,1
1794,2014-02-20,1
1795,2014-02-21,1
1796,2014-02-24,1
1797,2014-02-25,1
1798,2014-02-26,1
1799,2014-02-27,1
1800,2014-02-28,1
1801,2014-03-03,1
1802,2014-03-04,1
1803,2014-03-05,1
1804,2014-03-06,1
1805,2014-03-07,1
1806,2014-03-10,1
1807,2014-03-11,1
1808,2014-03-12,1
1809,2014-03-13,1
1810,2014-03-14,1
1811,2014-03-17,1
1812,2014-03-18,1
1813,2014-03-19,1
1814,2014-03-20,1
1815,2014-03-21,1
1816,2014-03-24,1
1817,2014-03-25,1
1818,2014-03-26,1
1819,2014-03-27,1
1820,2014-03-28,1
1821,2014-03-31,1
1822,2014-04-01,1
1823,2014-04-02,1
1824,2014-04-03,1
1825,2014-04-04,1
1826,2014-04-07,1
1827,2014-04-08,1
1828,2014-04-09,1
1829,2014-04-10,1
1830,2014-04-11,1
1831,2014-04-14,1
1832,2014-04-15,1
1833,2014-04-16,1
1834,2014-04-17,1
1835,2014-04-21,1
1836,2014-04-22,1
1837,2014-04-23,1
1838,2014-04-24,1
1839,2014-04-25,1
1840,2014-04-28,1
1841,2014-04-29,1
1842,2014-04-30,1
1843,2014-05-01,1
1844,2014-05-02,1
1845,2014-05-05,1
1846,2014-05-06,1
1847,2014-05-07,1
1848,2014-05-08,1
1849,2014-05-09,1
1850,2014-05-12,1
1851,2014-05-13,1
1852,2014-05-14,1
1853,2014-05-15,1
1854,2014-05-16,1
1855,2014-05-19,1
1856,2014-05-20,1
1857,2014-05-21,1
1858,2014-05-22,1
1859,2014-05-23,1
1860,2014-05-27,1
1861,2014-05-28,1
1862,2014-05-29,1
1863,2014-05-30,1
1864,2014-06-02,1
1865,2014-06-03,1
1866,2014-06-04,1
1867,2014-06-05,1
1868,2014-06-06,1
1869,2014-06-09,1
1870,2014-06-10,1
1871,2014-06-11,1
1872,2014-06-12,1
1873,2014-06-13,1
1874,2014-06-16,1
1875,2014-06-17,1
1876,2014-06-18,1
1877,2014-06-19,1
1878,2014-06-20,1
1879,2014-06-23,1
1880,2014-06-24,1
1881,2014-06-25,1
1882,2014-06-26,1
1883,2014-06-27,1
1884,2014-06-30,1
1885,2014-07-01,1
1886,2014-07-02,1
1887,2014-07-03,1
1888,2014-07-07,1
1889,2014-07-08,1
1890,2014-07-09,1
1891,2014-07-10,1
1892,2014-07-11,1
1893,2014-07-14,1
1894,2014-07-15,1
1895,2014-07-16,1
1896,2014-07-17,1
1897,2014-07-18,1
1898,2014-07-21,1
1899,2014-07-22,1
1900,2014-07-23,1
1901,2014-07-24,1
1902,2014-07-25,1
1903,2014-07-28,1
1904,2014-07-29,1
1905,2014-07-30,1
1906,2014-07-31,1
1907,2014-08-01,1
1908,2014-08-04,1
1909,2014-08-05,1
1910,2014-08-06,1
1911,2014-08-07,1
1912,2014-08-08,1
1913,2014-08-11,1
1914,2014-08-12,1
1915,2014-08-13,1
1916,2014-08-14,1
1917,2014-08-15,1
1918,2014-08-18,1
1919,2014-08-19,1
1920,2014-08-20,1
1921,2014-08-21,1
1922,2014-08-22,1
1923,2014-08-25,1
1924,2014-08-26,1
1925,2014-08-27,1
1926,2014-08-28,1
1927,2014-08-29,1
1928,2014-09-02,1
1929,2014-09-03,1
1930,2014-09-04,1
1931,2014-09-05,1
1932,2014-09-08,1
1933,2014-09-09,1
1934,2014-09-10,1
1935,2014-09-11,1
1936,2014-09-12,1
1937,2014-09-15,1
1938,2014-09-16,1
1939,2014-09-17,1
1940,2014-09-18,1
1941,2014-09-19,1
1942,2014-09-22,1
1943,2014-09-23,1
1944,2014-09-24,1
1945,2014-09-25,1
1946,2014-09-26,1
1947,2014-09-29,1
1948,2014-09-30,1
1949,2014-10-01,1
1950,2014-10-02,1
1951,2014-10-03,1
1952,2014-10-06,1
1953,2014-10-07,1
1954,2014-10-08,1
1955,2014-10-09,1
1956,2014-10-10,1
1957,2014-10-13,1
1958,2014-10-14,1
1959,2014-10-15,1
1960,2014-10-16,1
1961,2014-10-17,1
1962,2014-10-20,1
1963,2014-10-21,1
1964,2014-10-22,1
1965,2014-10-23,1
1966,2014-10-24,1
1967,2014-10-27,1
1968,2014-10-28,1
1969,2014-10-29,1
1970,2014-10-30,1
1971,2014-10-31,1
1972,2014-11-03,1
1973,2014-11-04,1
1974,2014-11-05,1
1975,2014-11-06,1
1976,2014-11-07,1
1977,2014-11-10,1
1978,2014-11-11,1
1979,2014-11-12,1
1980,2014-11-13,1
1981,2014-11-14,1
1982,2014-11-17,1
1983,2014-11-18,1
1984,2014-11-19,1
1985,2014-11-20,1
1986,2014-11-21,1
1987,2014-11-24,1
1988,2014-11-25,1
1989,2014-11-26,1
1990,2014-11-28,1
1991,2014-12-01,1
1992,2014-12-02,1
1993,2014-12-03,1
1994,2014-12-04,1
1995,2014-12-05,1
1996,2014-12-08,1
1997,2014-12-09,1
1998,2014-12-10,1
1999,2014-12-11,1
2000,2014-12-12,1
2001,2014-12-15,1
2002,2014-12-16,1
2003,2014-12-17,1
2004,2014-12-18,1
2005,2014-12-19,1
2006,2014-12-22,1
2007,2014-12-23,1
2008,2014-12-24,1
2009,2014-12-26,1
2010,2014-12-29,1
2011,2014-12-30,1
2012,2014-12-31,1
2013,2015-01-02,1
2014,2015-01-05,1
2015,2015-01-06,1
2016,2015-01-07,1
2017,2015-01-08,1
2018,2015-01-09,1
2019,2015-01-12,1
2020,2015-01-13,1
2021,2015-01-14,1
2022,2015-01-15,1
2023,2015-01-16,1
2024,2015-01-20,1
2025,2015-01-21,1
2026,2015-01-22,1
2027,2015-01-23,1
2028,2015-01-26,1
2029,2015-01-27,1
2030,2015-01-28,1
2031,2015-01-29,1
2032,2015-01-30,1
2033,2015-02-02,1
2034,2015-02-03,1
2035,2015-02-04,1
2036,2015-02-05,1
2037,2015-02-06,1
2038,2015-02-09,1
2039,2015-02-10,1
2040,2015-02-11,1
2041,2015-02-12,1
2042,2015-02-13,1
2043,2015-02-17,1
2044,2015-02-18,1
2045,2015-02-19,1
2046,2015-02-20,1
2047,2015-02-23,1
2048,2015-02-24,1
2049,2015-02-25,1
2050,2015-02-26,1
2051,2015-02-27,1
2052,2015-03-02,1
2053,2015-03-03,1
2054,2015-03-04,1
2055,2015-03-05,1
2056,2015-03-06,1
2057,2015-03-09,1
2058,2015-03-10,1
2059,2015-03-11,1
2060,2015-03-12,1
2061,2015-03-13,1
2062,2015-03-16,1
2063,2015-03-17,1
2064,2015-03-18,1
2065,2015-03-19,1
2066,2015-03-20,1
2067,2015-03-23,1
2068,2015-03-24,1
2069,2015-03-25,1
2070,2015-03-26,1
2071,2015-03-27,1
2072,2015-03-30,1
2073,2015-03-31,1
2074,2015-04-01,1
2075,2015-04-02,1
2076,2015-04-06,1
2077,2015-04-07,1
2078,2015-04-08,1
2079,2015-04-09,1
2080,2015-04-10,1
2081,2015-04-13,1
2082,2015-04-14,1
2083,2015-04-15,1
2084,2015-04-16,1
2085,2015-04-17,1
2086,2015-04-20,1
2087,2015-04-21,1
2088,2015-04-22,1
2089,2015-04-23,1
2090,2015-04-24,1
2091,2015-04-27,1
2092,2015-04-28,1
2093,2015-04-29,1
2094,2015-04-30,1
2095,2015-05-01,1
2096,2015-05-04,1
2097,2015-05-05,1
2098,2015-05-06,1
2099,2015-05-07,1
2100,2015-05-08,1
2101,2015-05-11,1
2102,2015-05-12,1
2103,2015-05-13,1
2104,2015-05-14,1
2105,2015-05-15,1
2106,2015-05-18,1
2107,2015-05-19,1
2108,2015-05-20,1
2109,2015-05-21,1
2110,2015-05-22,1
2111,2015-05-26,1
2112,2015-05-27,1
2113,2015-05-28,1
2114,2015-05-29,1
2115,2015-06-01,1
2116,2015-06-02,1
2117,2015-06-03,1
2118,2015-06-04,1
2119,2015-06-05,1
2120,2015-06-08,1
2121,2015-06-09,1
2122,2015-06-10,1
2123,2015-06-11,1
2124,2015-06-12,1
2125,2015-06-15,1
2126,2015-06-16,1
2127,2015-06-17,1
2128,2015-06-18,1
2129,2015-06-19,1
2130,2015-06-22,1
2131,2015-06-23,1
2132,2015-06-24,1
2133,2015-06-25,1
2134,2015-06-26,1
2135,2015-06-29,1
2136,2015-06-30,1
2137,2015-07-01,1
2138,2015-07-02,1
2139,2015-07-06,1
2140,2015-07-07,1
2141,2015-07-08,1
2142,2015-07-09,1
2143,2015-07-10,1
2144,2015-07-13,1
2145,2015-07-14,1
2146,2015-07-15,1
2147,2015-07-16,1
2148,2015-07-17,1
2149,2015-07-20,1
2150,2015-07-21,1
2151,2015-07-22,1
2152,2015-07-23,1
2153,2015-07-24,1
2154,2015-07-27,1
2155,2015-07-28,1
2156,2015-07-29,1
2157,2015-07-30,1
2158,2015-07-31,1
2159,2015-08-03,1
2160,2015-08-04,1
2161,2015-08-05,1
2162,2015-08-06,1
2163,2015-08-07,1
2164,2015-08-10,1
2165,2015-08-11,1
2166,2015-08-12,1
2167,2015-08-13,1
2168,2015-08-14,1
2169,2015-08-17,1
2170,2015-08-18,1
2171,2015-08-19,1
2172,2015-08-20,0
2173,2015-08-21,0
2174,2015-08-24,0
2175,2015-08-25,0
2176,2015-08-26,0
2177,2015-08-27,0
2178,2015-08-28,0
2179,2015-08-31,0
2180,2015-09-01,0
2181,2015-09-02,0
2182,2015-09-03,0
2183,2015-09-04,0
2184,2015-09-08,0
2185,2015-09-09,0
2186,2015-09-10,1
2187,2015-09-11,1
2188,2015-09-14,1
2189,2015-09-15,1
2190,2015-09-16,1
2191,2015-09-17,1
2192,2015-09-18,1
2193,2015-09-21,1
2194,2015-09-22,1
2195,2015-09-23,1
2196,2015-09-24,1
2197,2015-09-25,1
2198,2015-09-28,1
2199,2015-09-29,1
2200,2015-09-30,1
2201,2015-10-01,1
2202,2015-10-02,1
2203,2015-10-05,1
2204,2015-10-06,1
2205,2015-10-07,1
2206,2015-10-08,1
2207,2015-10-09,1
2208,2015-10-12,1
2209,2015-10-13,1
2210,2015-10-14,1
2211,2015-10-15,1
2212,2015-10-16,1
2213,2015-10-19,1
2214,2015-10-20,1
2215,2015-10-21,1
2216,2015-10-22,1
2217,2015-10-23,1
2218,2015-10-26,1
2219,2015-10-27,1
2220,2015-10-28,1
2221,2015-10-29,1
2222,2015-10-30,1
2223,2015-11-02,1
2224,2015-11-03,1
2225,2015-11-04,1
2226,2015-11-05,1
2227,2015-11-06,1
2228,2015-11-09,1
2229,2015-11-10,1
2230,2015-11-11,1
2231,2015-11-12,1
2232,2015-11-13,1
2233,2015-11-16,1
2234,2015-11-17,1
2235,2015-11-18,1
2236,2015-11-19,1
2237,2015-11-20,1
2238,2015-11-23,1
2239,2015-11-24,1
2240,2015-11-25,1
2241,2015-11-27,1
2242,2015-11-30,1
2243,2015-12-01,1
2244,2015-12-02,1
2245,2015-12-03,1
2246,2015-12-04,1
2247,2015-12-07,1
2248,2015-12-08,1
2249,2015-12-09,1
2250,2015-12-10,1
2251,2015-12-11,1
2252,2015-12-14,1
2253,2015-12-15,1
2254,2015-12-16,1
2255,2015-12-17,1
2256,2015-12-18,1
2257,2015-12-21,1
2258,2015-12-22,1
2259,2015-12-23,1
2260,2015-12-24,1
2261,2015-12-28,1
2262,2015-12-29,1
2263,2015-12-30,1
2264,2015-12-31,1
2265,2016-01-04,1
2266,2016-01-05,1
2267,2016-01-06,0
2268,2016-01-07,0
2269,2016-01-08,0
2270,2016-01-11,0
2271,2016-01-12,0
2272,2016-01-13,0
2273,2016-01-14,0
2274,2016-01-15,0
2275,2016-01-19,0
2276,2016-01-20,0
2277,2016-01-21,0
2278,2016-01-22,0
2279,2016-01-25,0
2280,2016-01-26,0
2281,2016-01-27,0
2282,2016-01-28,0
2283,2016-01-29,0
2284,2016-02-01,0
2285,2016-02-02,0
2286,2016-02-03,0
2287,2016-02-04,0
2288,2016-02-05,0
2289,2016-02-08,0
2290,2016-02-09,0
2291,2016-02-10,0
2292,2016-02-11,0
2293,2016-02-12,0
2294,2016-02-16,0
2295,2016-02-17,0
2296,2016-02-18,1
2297,2016-02-19,1
2298,2016-02-22,1
2299,2016-02-23,1
2300,2016-02-24,1
2301,2016-02-25,1
2302,2016-02-26,1
2303,2016-02-29,1
2304,2016-03-01,1
2305,2016-03-02,1
2306,2016-03-03,1
2307,2016-03-04,1
2308,2016-03-07,1
2309,2016-03-08,1
2310,2016-03-09,1
2311,2016-03-10,1
2312,2016-03-11,1
2313,2016-03-14,1
2314,2016-03-15,1
2315,2016-03-16,1
2316,2016-03-17,1
2317,2016-03-18,1
2318,2016-03-21,1
2319,2016-03-22,1
2320,2016-03-23,1
2321,2016-03-24,1
2322,2016-03-28,1
2323,2016-03-29,1
2324,2016-03-30,1
2325,2016-03-31,1
2326,2016-04-01,1
2327,2016-04-04,1
2328,2016-04-05,1
2329,2016-04-06,1
2330,2016-04-07,1
2331,2016-04-08,1
2332,2016-04-11,1
2333,2016-04-12,1
2334,2016-04-13,1
2335,2016-04-14,1
2336,2016-04-15,1
2337,2016-04-18,1
2338,2016-04-19,1
2339,2016-04-20,1
2340,2016-04-21,1
2341,2016-04-22,1
2342,2016-04-25,1
2343,2016-04-26,1
2344,2016-04-27,1
2345,2016-04-28,1
2346,2016-04-29,1
2347,2016-05-02,1
2348,2016-05-03,1
2349,2016-05-04,1
2350,2016-05-05,1
2351,2016-05-06,1
2352,2016-05-09,1
2353,2016-05-10,1
2354,2016-05-11,1
2355,2016-05-12,1
2356,2016-05-13,1
2357,2016-05-16,1
2358,2016-05-17,1
2359,2016-05-18,1
2360,2016-05-19,1
2361,2016-05-20,1
2362,2016-05-23,1
2363,2016-05-24,1
2364,2016-05-25,1
2365,2016-05-26,1
2366,2016-05-27,1
2367,2016-05-31,1
2368,2016-06-01,1
2369,2016-06-02,1
2370,2016-06-03,1
2371,2016-06-06,1
2372,2016-06-07,1
2373,2016-06-08,1
2374,2016-06-09,1
2375,2016-06-10,1
2376,2016-06-13,1
2377,2016-06-14,1
2378,2016-06-15,1
2379,2016-06-16,1
2380,2016-06-17,1
2381,2016-06-20,1
2382,2016-06-21,1
2383,2016-06-22,1
2384,2016-06-23,0
2385,2016-06-24,0
2386,2016-06-27,0
2387,2016-06-28,0
2388,2016-06-29,0
2389,2016-06-30,0
2390,2016-07-01,1
2391,2016-07-05,1
2392,2016-07-06,1
2393,2016-07-07,1
2394,2016-07-08,1
2395,2016-07-11,1
2396,2016-07-12,1
2397,2016-07-13,1
2398,2016-07-14,1
2399,2016-07-15,1
2400,2016-07-18,1
2401,2016-07-19,1
2402,2016-07-20,1
2403,2016-07-21,1
2404,2016-07-22,1
2405,2016-07-25,1
2406,2016-07-26,1
2407,2016-07-27,1
2408,2016-07-28,1
2409,2016-07-29,1
2410,2016-08-01,1
2411,2016-08-02,1
2412,2016-08-03,1
2413,2016-08-04,1
2414,2016-08-05,1
2415,2016-08-08,1
2416,2016-08-09,1
2417,2016-08-10,1
2418,2016-08-11,1
2419,2016-08-12,1
2420,2016-08-15,1
2421,2016-08-16,1
2422,2016-08-17,1
2423,2016-08-18,1
2424,2016-08-19,1
2425,2016-08-22,1
2426,2016-08-23,1
2427,2016-08-24,1
2428,2016-08-25,1
2429,2016-08-26,1
2430,2016-08-29,1
2431,2016-08-30,1
2432,2016-08-31,1
2433,2016-09-01,1
2434,2016-09-02,1
2435,2016-09-06,1
2436,2016-09-07,1
2437,2016-09-08,1
2438,2016-09-09,1
2439,2016-09-12,1
2440,2016-09-13,1
2441,2016-09-14,1
2442,2016-09-15,1
2443,2016-09-16,1
2444,2016-09-19,1
2445,2016-09-20,1
2446,2016-09-21,1
2447,2016-09-22,1
2448,2016-09-23,1
2449,2016-09-26,1
2450,2016-09-27,1
2451,2016-09-28,1
2452,2016-09-29,1
2453,2016-09-30,1
2454,2016-10-03,1
2455,2016-10-04,1
2456,2016-10-05,1
2457,2016-10-06,1
2458,2016-10-07,1
2459,2016-10-10,1
2460,2016-10-11,1
2461,2016-10-12,1
2462,2016-10-13,1
2463,2016-10-14,1
2464,2016-10-17,1
2465,2016-10-18,1
2466,2016-10-19,1
2467,2016-10-20,1
2468,2016-10-21,1
2469,2016-10-24,1
2470,2016-10-25,1
2471,2016-10-26,1
2472,2016-10-27,1
2473,2016-10-28,1
2474,2016-10-31,1
2475,2016-11-01,1
2476,2016-11-02,1
2477,2016-11-03,1
2478,2016-11-04,1
2479,2016-11-07,1
2480,2016-11-08,1
2481,2016-11-09,1
2482,2016-11-10,1
2483,2016-11-11,1
2484,2016-11-14,1
2485,2016-11-15,1
2486,2016-11-16,1
2487,2016-11-17,1
2488,2016-11-18,1
2489,2016-11-21,1
2490,2016-11-22,1
2491,2016-11-23,1
2492,2016-11-25,1
2493,2016-11-28,1
2494,2016-11-29,1
2495,2016-11-30,1
2496,2016-12-01,1
2497,2016-12-02,1
2498,2016-12-05,1
2499,2016-12-06,1
2500,2016-12-07,1
2501,2016-12-08,1
2502,2016-12-09,1
2503,2016-12-12,1
2504,2016-12-13,1
2505,2016-12-14,1
2506,2016-12-15,1
2507,2016-12-16,1
2508,2016-12-19,1
2509,2016-12-20,1
2510,2016-12-21,1
2511,2016-12-22,1
2512,2016-12-23,1
2513,2016-12-27,1
2514,2016-12-28,1
2515,2016-12-29,1
2516,2016-12-30,1
2517,2017-01-03,1
2518,2017-01-04,1
2519,2017-01-05,1
2520,2017-01-06,1
2521,2017-01-09,1
2522,2017-01-10,1
2523,2017-01-11,1
2524,2017-01-12,1
2525,2017-01-13,1
2526,2017-01-17,1
2527,2017-01-18,1
2528,2017-01-19,1
2529,2017-01-20,1
2530,2017-01-23,1
2531,2017-01-24,1
2532,2017-01-25,1
2533,2017-01-26,1
2534,2017-01-27,1
2535,2017-01-30,1
2536,2017-01-31,1
2537,2017-02-01,1
2538,2017-02-02,1
2539,2017-02-03,1
2540,2017-02-06,1
2541,2017-02-07,1
2542,2017-02-08,1
2543,2017-02-09,1
2544,2017-02-10,1
2545,2017-02-13,1
2546,2017-02-14,1
2547,2017-02-15,1
2548,2017-02-16,1
2549,2017-02-17,1
2550,2017-02-21,1
2551,2017-02-22,1
2552,2017-02-23,1
2553,2017-02-24,1
2554,2017-02-27,1
2555,2017-02-28,1
2556,2017-03-01,1
2557,2017-03-02,1
2558,2017-03-03,1
2559,2017-03-06,1
2560,2017-03-07,1
2561,2017-03-08,1
2562,2017-03-09,1
2563,2017-03-10,1
2564,2017-03-13,1
2565,2017-03-14,1
2566,2017-03-15,1
2567,2017-03-16,1
2568,2017-03-17,1
2569,2017-03-20,1
2570,2017-03-21,1
2571,2017-03-22,1
2572,2017-03-23,1
2573,2017-03-24,1
2574,2017-03-27,1
2575,2017-03-28,1
2576,2017-03-29,1
2577,2017-03-30,1
2578,2017-03-31,1
2579,2017-04-03,1
2580,2017-04-04,1
2581,2017-04-05,1
2582,2017-04-06,1
2583,2017-04-07,1
2584,2017-04-10,1
2585,2017-04-11,1
2586,2017-04-12,1
2587,2017-04-13,1
2588,2017-04-17,1
2589,2017-04-18,1
2590,2017-04-19,1
2591,2017-04-20,1
2592,2017-04-21,1
2593,2017-04-24,1
2594,2017-04-25,1
2595,2017-04-26,1
2596,2017-04-27,1
2597,2017-04-28,1
2598,2017-05-01,1
2599,2017-05-02,1
2600,2017-05-03,1
2601,2017-05-04,1
2602,2017-05-05,1
2603,2017-05-08,1
2604,2017-05-09,1
2605,2017-05-10,1
2606,2017-05-11,1
2607,2017-05-12,1
2608,2017-05-15,1
2609,2017-05-16,1
2610,2017-05-17,1
2611,2017-05-18,1
2612,2017-05-19,1
2613,2017-05-22,1
2614,2017-05-23,1
2615,2017-05-24,1
2616,2017-05-25,1
2617,2017-05-26,1
2618,2017-05-30,1
2619,2017-05-31,1
2620,2017-06-01,1
2621,2017-06-02,1
2622,2017-06-05,1
2623,2017-06-06,1
2624,2017-06-07,1
2625,2017-06-08,1
2626,2017-06-09,1
2627,2017-06-12,1
2628,2017-06-13,1
2629,2017-06-14,1
2630,2017-06-15,1
2631,2017-06-16,1
2632,2017-06-19,1
2633,2017-06-20,1
2634,2017-06-21,1
2635,2017-06-22,1
2636,2017-06-23,1
2637,2017-06-26,1
2638,2017-06-27,1
2639,2017-06-28,1
2640,2017-06-29,1
2641,2017-06-30,1
2642,2017-07-03,1
2643,2017-07-05,1
2644,2017-07-06,1
2645,2017-07-07,1
2646,2017-07-10,1
2647,2017-07-11,1
2648,2017-07-12,1
2649,2017-07-13,1
2650,2017-07-14,1
2651,2017-07-17,1
2652,2017-07-18,1
2653,2017-07-19,1
2654,2017-07-20,1
2655,2017-07-21,1
2656,2017-07-24,1
2657,2017-07-25,1
2658,2017-07-26,1
2659,2017-07-27,1
2660,2017-07-28,1
2661,2017-07-31,1
2662,2017-08-01,1
2663,2017-08-02,1
2664,2017-08-03,1
2665,2017-08-04,1
2666,2017-08-07,1
2667,2017-08-08,1
2668,2017-08-09,1
2669,2017-08-10,1
2670,2017-08-11,1
2671,2017-08-14,1
2672,2017-08-15,1
2673,2017-08-16,1
2674,2017-08-17,1
2675,2017-08-18,1
2676,2017-08-21,1
2677,2017-08-22,1
2678,2017-08-23,1
2679,2017-08-24,1
2680,2017-08-25,1
2681,2017-08-28,1
2682,2017-08-29,1
2683,2017-08-30,1
2684,2017-08-31,1
2685,2017-09-01,1
2686,2017-09-05,1
2687,2017-09-06,1
2688,2017-09-07,1
2689,2017-09-08,1
2690,2017-09-11,1
2691,2017-09-12,1
2692,2017-09-13,1
2693,2017-09-14,1
2694,2017-09-15,1
2695,2017-09-18,1
2696,2017-09-19,1
2697,2017-09-20,1
2698,2017-09-21,1
2699,2017-09-22,1
2700,2017-09-25,1
2701,2017-09-26,1
2702,2017-09-27,1
2703,2017-09-28,1
2704,2017-09-29,1
2705,2017-10-02,1
2706,2017-10-03,1
2707,2017-10-04,1
2708,2017-10-05,1
2709,2017-10-06,1
2710,2017-10-09,1
2711,2017-10-10,1
2712,2017-10-11,1
2713,2017-10-12,1
2714,2017-10-13,1
2715,2017-10-16,1
2716,2017-10-17,1
2717,2017-10-18,1
2718,2017-10-19,1
2719,2017-10-20,1
2720,2017-10-23,1
2721,2017-10-24,1
2722,2017-10-25,1
2723,2017-10-26,1
2724,2017-10-27,1
2725,2017-10-30,1
2726,2017-10-31,1
2727,2017-11-01,1
2728,2017-11-02,1
2729,2017-11-03,1
2730,2017-11-06,1
2731,2017-11-07,1
2732,2017-11-08,1
2733,2017-11-09,1
2734,2017-11-10,1
2735,2017-11-13,1
2736,2017-11-14,1
2737,2017-11-15,1
2738,2017-11-16,1
2739,2017-11-17,1
2740,2017-11-20,1
2741,2017-11-21,1
2742,2017-11-22,1
2743,2017-11-24,1
2744,2017-11-27,1
2745,2017-11-28,1
2746,2017-11-29,1
2747,2017-11-30,1
2748,2017-12-01,1
2749,2017-12-04,1
2750,2017-12-05,1
2751,2017-12-06,1
2752,2017-12-07,1
2753,2017-12-08,1
2754,2017-12-11,1
2755,2017-12-12,1
2756,2017-12-13,1
2757,2017-12-14,1
2758,2017-12-15,1
2759,2017-12-18,1
2760,2017-12-19,1
2761,2017-12-20,1
2762,2017-12-21,1
2763,2017-12-22,1
2764,2017-12-26,1
2765,2017-12-27,1
2766,2017-12-28,1
2767,2017-12-29,1
